date,daily_sales,avg_temp,is_holiday,is_weekend,is_summer,is_monsoon
2021-01-01,6676,21.268367346938778,0,0,0,0
2021-01-02,8096,21.535858585858588,0,1,0,0
2021-01-03,8393,21.736138613861385,0,1,0,0
2021-01-04,6375,22.105154639175257,0,0,0,0
2021-01-05,6254,21.58388888888889,0,0,0,0
2021-01-06,6412,21.881249999999998,0,0,0,0
2021-01-07,6182,21.45421052631579,0,0,0,0
2021-01-08,6626,21.440721649484537,0,0,0,0
2021-01-09,7822,21.218817204301075,0,1,0,0
2021-01-10,9590,21.349532710280375,0,1,0,0
2021-01-11,6268,21.3,0,0,0,0
2021-01-12,6403,20.86,0,0,0,0
2021-01-13,6428,21.2921875,0,0,0,0
2021-01-14,6652,20.98888888888889,0,0,0,0
2021-01-15,6696,21.319387755102042,0,0,0,0
2021-01-16,8670,20.879797979797978,0,1,0,0
2021-01-17,8609,21.246938775510202,0,1,0,0
2021-01-18,6369,21.38659793814433,0,0,0,0
2021-01-19,6598,21.12908163265306,0,0,0,0
2021-01-20,6478,21.163541666666667,0,0,0,0
2021-01-21,6758,21.424747474747477,0,0,0,0
2021-01-22,6543,21.345876288659795,0,0,0,0
2021-01-23,8368,21.184375,0,1,0,0
2021-01-24,8525,21.057291666666668,0,1,0,0
2021-01-25,6410,21.1828125,0,0,0,0
2021-01-26,10252,21.092346938775513,1,0,0,0
2021-01-27,6522,20.69393939393939,0,0,0,0
2021-01-28,6442,21.135416666666668,0,0,0,0
2021-01-29,6589,21.693367346938775,0,0,0,0
2021-01-30,8234,20.97422680412371,0,1,0,0
2021-01-31,8524,21.613541666666666,0,1,0,0
2021-02-01,6637,22.948421052631577,0,0,0,0
2021-02-02,6644,22.83298969072165,0,0,0,0
2021-02-03,6324,23.17032967032967,0,0,0,0
2021-02-04,7238,24.243499999999997,1,0,0,0
2021-02-05,5931,23.16516853932584,0,0,0,0
2021-02-06,8880,23.825,0,1,0,0
2021-02-07,8000,23.176020408163264,0,1,0,0
2021-02-08,6176,23.145744680851063,0,0,0,0
2021-02-09,6569,23.063106796116504,0,0,0,0
2021-02-10,7124,22.797938144329898,1,0,0,0
2021-02-11,6696,22.66122448979592,0,0,0,0
2021-02-12,7612,22.266964285714288,0,0,0,0
2021-02-13,8426,23.00618556701031,0,1,0,0
2021-02-14,8600,23.165816326530614,0,1,0,0
2021-02-15,6488,23.064062500000002,0,0,0,0
2021-02-16,6497,23.099999999999998,0,0,0,0
2021-02-17,6484,23.00618556701031,0,0,0,0
2021-02-18,6524,22.83061224489796,0,0,0,0
2021-02-19,6618,23.08877551020408,0,0,0,0
2021-02-20,8858,22.940625,0,1,0,0
2021-02-21,8741,23.133505154639174,0,1,0,0
2021-02-22,6747,23.36122448979592,0,0,0,0
2021-02-23,6372,23.28214285714286,0,0,0,0
2021-02-24,6451,23.165463917525773,0,0,0,0
2021-02-25,6568,22.876562500000002,0,0,0,0
2021-02-26,6246,22.852604166666666,0,0,0,0
2021-02-27,8630,22.885714285714286,0,1,0,0
2021-02-28,8673,23.288144329896905,0,1,0,0
2021-03-01,6466,25.930851063829788,0,0,0,0
2021-03-02,6637,26.53529411764706,0,0,0,0
2021-03-03,6656,27.092424242424244,0,0,0,0
2021-03-04,6248,27.10388888888889,0,0,0,0
2021-03-05,6638,27.070526315789472,0,0,0,0
2021-03-06,8868,26.47990196078431,0,1,0,0
2021-03-07,8652,26.229,0,1,0,0
2021-03-08,6599,26.498,0,0,0,0
2021-03-09,6174,26.307653061224492,0,0,0,0
2021-03-10,6553,26.697422680412373,0,0,0,0
2021-03-11,6400,26.377894736842105,0,0,0,0
2021-03-12,6610,25.875,0,0,0,0
2021-03-13,8534,26.809895833333332,0,1,0,0
2021-03-14,8407,26.641666666666666,0,1,0,0
2021-03-15,6595,26.897959183673468,0,0,0,0
2021-03-16,6485,26.881249999999998,0,0,0,0
2021-03-17,6578,27.12319587628866,0,0,0,0
2021-03-18,6522,27.058247422680413,0,0,0,0
2021-03-19,6253,26.991145833333334,0,0,0,0
2021-03-20,8626,26.98298969072165,0,1,0,0
2021-03-21,8600,27.024742268041237,0,1,0,0
2021-03-22,6838,26.72821782178218,0,0,0,0
2021-03-23,6616,26.83061224489796,0,0,0,0
2021-03-24,6770,26.835643564356438,0,0,0,0
2021-03-25,6502,26.8546875,0,0,0,0
2021-03-26,6530,26.882291666666664,0,0,0,0
2021-03-27,8738,26.855102040816327,0,1,0,0
2021-03-28,8552,26.911340206185567,0,1,0,0
2021-03-29,9924,26.961855670103095,1,0,0,0
2021-03-30,6490,27.076288659793814,0,0,0,0
2021-03-31,6539,27.202604166666664,0,0,0,0
2021-04-01,6922,28.525000000000002,0,0,1,0
2021-04-02,10098,28.94516129032258,1,0,1,0
2021-04-03,9795,29.253846153846155,0,1,1,0
2021-04-04,9423,29.578061224489797,0,1,1,0
2021-04-05,6612,29.78842105263158,0,0,1,0
2021-04-06,6778,29.556842105263158,0,0,1,0
2021-04-07,6804,29.015104166666664,0,0,1,0
2021-04-08,6310,29.43,0,0,1,0
2021-04-09,7738,28.9953125,0,0,1,0
2021-04-10,8694,29.320555555555554,0,1,1,0
2021-04-11,9986,28.756730769230767,1,1,1,0
2021-04-12,6940,28.69787234042553,0,0,1,0
2021-04-13,7273,30.10721649484536,0,0,1,0
2021-04-14,10860,29.832653061224487,1,0,1,0
2021-04-15,7174,29.566326530612244,0,0,1,0
2021-04-16,7464,29.74356435643564,0,0,1,0
2021-04-17,9413,29.984183673469385,0,1,1,0
2021-04-18,9304,29.745876288659794,0,1,1,0
2021-04-19,7011,29.757291666666664,0,0,1,0
2021-04-20,7490,29.72171717171717,0,0,1,0
2021-04-21,6920,30.16082474226804,0,0,1,0
2021-04-22,6962,29.651030927835052,0,0,1,0
2021-04-23,7044,29.624742268041235,0,0,1,0
2021-04-24,9291,29.72244897959184,0,1,1,0
2021-04-25,9271,29.495876288659794,0,1,1,0
2021-04-26,7278,29.752551020408163,0,0,1,0
2021-04-27,7465,29.844897959183676,0,0,1,0
2021-04-28,7059,29.840816326530614,0,0,1,0
2021-04-29,7055,29.90833333333333,0,0,1,0
2021-04-30,6848,29.9484375,0,0,1,0
2021-05-01,10338,27.63564814814815,0,1,1,0
2021-05-02,9849,28.173113207547168,0,1,1,0
2021-05-03,6958,28.82113402061856,0,0,1,0
2021-05-04,7516,28.988000000000003,0,0,1,0
2021-05-05,7440,28.83939393939394,0,0,1,0
2021-05-06,7516,28.389215686274508,0,0,1,0
2021-05-07,7399,27.77009803921569,0,0,1,0
2021-05-08,9568,27.97878787878788,0,1,1,0
2021-05-09,9044,28.050520833333334,0,1,1,0
2021-05-10,6968,28.2,0,0,1,0
2021-05-11,7122,28.022916666666664,0,0,1,0
2021-05-12,7613,27.833823529411767,0,0,1,0
2021-05-13,7310,28.746428571428574,0,0,1,0
2021-05-14,7310,28.605050505050507,0,0,1,0
2021-05-15,9420,28.652040816326533,0,1,1,0
2021-05-16,9396,28.890816326530615,0,1,1,0
2021-05-17,7242,28.83659793814433,0,0,1,0
2021-05-18,7616,28.664499999999997,0,0,1,0
2021-05-19,7464,29.27777777777778,0,0,1,0
2021-05-20,7236,28.815625,0,0,1,0
2021-05-21,7332,28.818181818181817,0,0,1,0
2021-05-22,9746,28.574242424242424,0,1,1,0
2021-05-23,9291,28.854123711340204,0,1,1,0
2021-05-24,7393,28.998979591836736,0,0,1,0
2021-05-25,7233,29.07323232323232,0,0,1,0
2021-05-26,7098,28.576562499999998,0,0,1,0
2021-05-27,7400,28.51666666666667,0,0,1,0
2021-05-28,7190,29.284375,0,0,1,0
2021-05-29,9418,28.543367346938776,0,1,1,0
2021-05-30,9794,28.483,0,1,1,0
2021-05-31,7336,28.973232323232324,0,0,1,0
2021-06-01,7500,24.328282828282827,0,0,1,0
2021-06-02,7242,24.68,0,0,1,0
2021-06-03,7567,25.195212765957447,0,0,1,0
2021-06-04,7638,25.291,0,0,1,0
2021-06-05,9588,25.349,0,1,1,0
2021-06-06,9460,25.101030927835055,0,1,1,0
2021-06-07,6582,24.917582417582416,0,0,1,0
2021-06-08,7104,24.69393939393939,0,0,1,0
2021-06-09,7416,24.89468085106383,0,0,1,0
2021-06-10,7074,24.837755102040816,0,0,1,0
2021-06-11,7618,24.456565656565655,0,0,1,0
2021-06-12,8909,24.86208791208791,0,1,1,0
2021-06-13,9222,25.00463917525773,0,1,1,0
2021-06-14,7670,24.909313725490197,0,0,1,0
2021-06-15,7138,25.0421875,0,0,1,0
2021-06-16,7121,24.935714285714283,0,0,1,0
2021-06-17,7311,25.011458333333334,0,0,1,0
2021-06-18,7155,24.88762886597938,0,0,1,0
2021-06-19,9361,25.096428571428568,0,1,1,0
2021-06-20,9390,25.128282828282828,0,1,1,0
2021-06-21,7041,25.010416666666668,0,0,1,0
2021-06-22,7104,25.056701030927837,0,0,1,0
2021-06-23,7371,25.001020408163264,0,0,1,0
2021-06-24,7000,25.16530612244898,0,0,1,0
2021-06-25,7320,24.862244897959183,0,0,1,0
2021-06-26,9594,24.994329896907214,0,1,1,0
2021-06-27,9569,24.704040404040402,0,1,1,0
2021-06-28,7230,24.885858585858585,0,0,1,0
2021-06-29,7219,25.027083333333334,0,0,1,0
2021-06-30,7580,25.151530612244898,0,0,1,0
2021-07-01,6571,23.02908163265306,0,0,0,1
2021-07-02,6668,23.15969387755102,0,0,0,1
2021-07-03,7874,23.21968085106383,0,1,0,1
2021-07-04,8278,23.73333333333333,0,1,0,1
2021-07-05,6328,23.73351063829787,0,0,0,1
2021-07-06,6869,23.092079207920793,0,0,0,1
2021-07-07,6051,22.998437499999998,0,0,0,1
2021-07-08,6740,23.0970297029703,0,0,0,1
2021-07-09,6295,22.99009900990099,0,0,0,1
2021-07-10,8510,23.101941747572816,0,1,0,1
2021-07-11,7950,22.612234042553194,0,1,0,1
2021-07-12,5750,23.030978260869563,0,0,0,1
2021-07-13,6208,22.91443298969072,0,0,0,1
2021-07-14,6002,22.856701030927834,0,0,0,1
2021-07-15,6152,22.940721649484537,0,0,0,1
2021-07-16,6160,23.103092783505154,0,0,0,1
2021-07-17,8354,23.356701030927834,0,1,0,1
2021-07-18,8462,23.397474747474746,0,1,0,1
2021-07-19,6141,23.193814432989694,0,0,0,1
2021-07-20,6210,23.28622448979592,0,0,0,1
2021-07-21,6180,23.103125000000002,0,0,0,1
2021-07-22,6430,23.04242424242424,0,0,0,1
2021-07-23,6490,23.186734693877554,0,0,0,1
2021-07-24,7874,23.202061855670102,0,1,0,1
2021-07-25,8080,22.8671875,0,1,0,1
2021-07-26,6226,23.27091836734694,0,0,0,1
2021-07-27,6501,23.22222222222222,0,0,0,1
2021-07-28,6272,22.81530612244898,0,0,0,1
2021-07-29,6358,23.387755102040817,0,0,0,1
2021-07-30,6176,23.011458333333334,0,0,0,1
2021-07-31,8022,23.374479166666664,0,1,0,1
2021-08-01,7936,22.97315789473684,0,1,0,1
2021-08-02,6589,22.90891089108911,0,0,0,1
2021-08-03,6534,23.125520833333336,0,0,0,1
2021-08-04,6913,24.28820754716981,0,0,0,1
2021-08-05,6152,23.374468085106383,0,0,0,1
2021-08-06,6553,23.11919191919192,0,0,0,1
2021-08-07,7688,23.260106382978723,0,1,0,1
2021-08-08,8362,23.035567010309276,0,1,0,1
2021-08-09,6508,23.006190476190476,0,0,0,1
2021-08-10,6158,23.05851063829787,0,0,0,1
2021-08-11,6200,22.611855670103093,0,0,0,1
2021-08-12,6216,22.514795918367344,0,0,0,1
2021-08-13,6440,23.272448979591836,0,0,0,1
2021-08-14,8116,23.009375000000002,0,1,0,1
2021-08-15,12083,23.29175257731959,1,1,0,1
2021-08-16,6049,22.720103092783503,0,0,0,1
2021-08-17,6168,23.218877551020405,0,0,0,1
2021-08-18,6251,23.166161616161613,0,0,0,1
2021-08-19,6184,23.202061855670102,0,0,0,1
2021-08-20,6411,23.492346938775512,0,0,0,1
2021-08-21,8347,23.129896907216494,0,1,0,1
2021-08-22,8385,23.19896907216495,0,1,0,1
2021-08-23,6354,22.93131313131313,0,0,0,1
2021-08-24,6434,22.90909090909091,0,0,0,1
2021-08-25,6402,22.578061224489797,0,0,0,1
2021-08-26,6356,22.97938144329897,0,0,0,1
2021-08-27,6448,23.319387755102042,0,0,0,1
2021-08-28,8472,23.221938775510203,0,1,0,1
2021-08-29,7978,23.082291666666666,0,1,0,1
2021-08-30,6342,23.069387755102042,0,0,0,1
2021-08-31,6430,22.8,0,0,0,1
2021-09-01,7762,22.709615384615386,0,0,0,1
2021-09-02,6043,23.388709677419357,0,0,0,1
2021-09-03,6390,23.433333333333334,0,0,0,1
2021-09-04,8268,24.0385,0,1,0,1
2021-09-05,8566,23.648453608247422,0,1,0,1
2021-09-06,6059,23.51683673469388,0,0,0,1
2021-09-07,6220,23.32340425531915,0,0,0,1
2021-09-08,5670,23.129670329670333,0,0,0,1
2021-09-09,6188,23.263020833333332,0,0,0,1
2021-09-10,6964,23.10576923076923,0,0,0,1
2021-09-11,8666,22.376237623762375,0,1,0,1
2021-09-12,8230,22.221,0,1,0,1
2021-09-13,6413,23.293367346938776,0,0,0,1
2021-09-14,6458,22.79191919191919,0,0,0,1
2021-09-15,6334,23.375520833333336,0,0,0,1
2021-09-16,6380,22.87319587628866,0,0,0,1
2021-09-17,6176,22.912499999999998,0,0,0,1
2021-09-18,8317,22.97864583333333,0,1,0,1
2021-09-19,8246,23.042708333333334,0,1,0,1
2021-09-20,6249,23.066494845360822,0,0,0,1
2021-09-21,6178,23.131249999999998,0,0,0,1
2021-09-22,5941,22.861979166666668,0,0,0,1
2021-09-23,6434,22.8225,0,0,0,1
2021-09-24,6389,23.0685,0,0,0,1
2021-09-25,8570,23.282474226804126,0,1,0,1
2021-09-26,8228,23.137113402061857,0,1,0,1
2021-09-27,6515,22.712244897959184,0,0,0,1
2021-09-28,6243,22.825773195876288,0,0,0,1
2021-09-29,6296,23.034375,0,0,0,1
2021-09-30,6508,22.866666666666667,0,0,0,1
2021-10-01,6288,22.602197802197804,0,0,0,0
2021-10-02,11558,22.778645833333332,1,1,0,0
2021-10-03,8603,23.500510204081635,0,1,0,0
2021-10-04,7497,24.02647058823529,0,0,0,0
2021-10-05,6797,23.643877551020406,0,0,0,0
2021-10-06,6777,23.272395833333334,0,0,0,0
2021-10-07,7000,23.26595744680851,0,0,0,0
2021-10-08,6918,22.894444444444446,0,0,0,0
2021-10-09,8336,22.92,0,1,0,0
2021-10-10,8998,23.02552083333333,0,1,0,0
2021-10-11,6286,22.96153846153846,0,0,0,0
2021-10-12,7523,22.640776699029125,0,0,0,0
2021-10-13,6801,23.163917525773197,0,0,0,0
2021-10-14,6894,23.165463917525773,0,0,0,0
2021-10-15,10484,23.02680412371134,1,0,0,0
2021-10-16,9115,23.046464646464646,0,1,0,0
2021-10-17,8723,22.861855670103093,0,1,0,0
2021-10-18,6712,22.853092783505154,0,0,0,0
2021-10-19,6772,23.262886597938145,0,0,0,0
2021-10-20,6829,22.971875,0,0,0,0
2021-10-21,6942,22.996907216494844,0,0,0,0
2021-10-22,6880,23.02916666666667,0,0,0,0
2021-10-23,9016,23.050510204081633,0,1,0,0
2021-10-24,9070,23.072916666666668,0,1,0,0
2021-10-25,6874,22.970408163265304,0,0,0,0
2021-10-26,7042,23.09,0,0,0,0
2021-10-27,6836,22.99639175257732,0,0,0,0
2021-10-28,7150,23.145959595959596,0,0,0,0
2021-10-29,7056,23.20151515151515,0,0,0,0
2021-10-30,9205,23.256632653061224,0,1,0,0
2021-10-31,9004,23.022222222222222,0,1,0,0
2021-11-01,7211,20.52970297029703,0,0,0,0
2021-11-02,6802,21.044791666666665,0,0,0,0
2021-11-03,6698,21.647474747474746,0,0,0,0
2021-11-04,9374,21.734269662921346,1,0,0,0
2021-11-05,7020,22.085148514851483,0,0,0,0
2021-11-06,8706,21.63854166666667,0,1,0,0
2021-11-07,8896,21.294897959183675,0,1,0,0
2021-11-08,7281,20.888613861386137,0,0,0,0
2021-11-09,6683,21.431578947368422,0,0,0,0
2021-11-10,7329,21.567924528301884,0,0,0,0
2021-11-11,6818,21.533505154639176,0,0,0,0
2021-11-12,7408,21.22871287128713,0,0,0,0
2021-11-13,8937,20.877319587628865,0,1,0,0
2021-11-14,9015,20.97835051546392,0,1,0,0
2021-11-15,7123,21.064948453608245,0,0,0,0
2021-11-16,6913,21.202083333333334,0,0,0,0
2021-11-17,7416,21.151,0,0,0,0
2021-11-18,6874,21.12680412371134,0,0,0,0
2021-11-19,7036,21.13061224489796,0,0,0,0
2021-11-20,8684,21.049484536082474,0,1,0,0
2021-11-21,8995,21.028125,0,1,0,0
2021-11-22,7057,20.705102040816325,0,0,0,0
2021-11-23,6917,21.305670103092783,0,0,0,0
2021-11-24,6942,21.358854166666664,0,0,0,0
2021-11-25,7044,20.962244897959184,0,0,0,0
2021-11-26,7064,21.38865979381443,0,0,0,0
2021-11-27,9048,20.854123711340204,0,1,0,0
2021-11-28,9038,20.93877551020408,0,1,0,0
2021-11-29,6895,21.259183673469387,0,0,0,0
2021-11-30,6897,20.814432989690722,0,0,0,0
2021-12-01,7008,20.326470588235296,0,0,0,0
2021-12-02,5821,20.20595238095238,0,0,0,0
2021-12-03,6772,20.867708333333333,0,0,0,0
2021-12-04,9017,21.371782178217824,0,1,0,0
2021-12-05,8468,20.83111111111111,0,1,0,0
2021-12-06,7326,20.88578431372549,0,0,0,0
2021-12-07,7297,20.395238095238096,0,0,0,0
2021-12-08,6962,20.741145833333334,0,0,0,0
2021-12-09,7896,20.397058823529413,0,0,0,0
2021-12-10,6746,20.421808510638296,0,0,0,0
2021-12-11,8798,20.228191489361702,0,1,0,0
2021-12-12,8964,20.506770833333334,0,1,0,0
2021-12-13,6735,20.218041237113404,0,0,0,0
2021-12-14,6930,20.103030303030305,0,0,0,0
2021-12-15,6770,19.916494845360827,0,0,0,0
2021-12-16,7248,20.4375,0,0,0,0
2021-12-17,6906,19.945918367346938,0,0,0,0
2021-12-18,9230,20.02979797979798,0,1,0,0
2021-12-19,8877,20.10721649484536,0,1,0,0
2021-12-20,6781,20.226041666666667,0,0,0,0
2021-12-21,7002,20.125773195876288,0,0,0,0
2021-12-22,6851,20.260824742268042,0,0,0,0
2021-12-23,6886,20.259693877551022,0,0,0,0
2021-12-24,7076,20.193367346938775,0,0,0,0
2021-12-25,12882,20.09285714285714,1,1,0,0
2021-12-26,9159,19.983505154639175,0,1,0,0
2021-12-27,7244,19.84747474747475,0,0,0,0
2021-12-28,6930,19.859375,0,0,0,0
2021-12-29,7012,19.991752577319588,0,0,0,0
2021-12-30,7079,19.762886597938145,0,0,0,0
2021-12-31,7008,20.037373737373738,0,0,0,0
2022-01-01,8940,21.183333333333334,0,1,0,0
2022-01-02,8254,21.175531914893618,0,1,0,0
2022-01-03,7936,21.972972972972972,0,0,0,0
2022-01-04,6808,22.051578947368423,0,0,0,0
2022-01-05,7510,22.270388349514562,0,0,0,0
2022-01-06,6774,21.60684210526316,0,0,0,0
2022-01-07,6962,21.186999999999998,0,0,0,0
2022-01-08,9264,21.208163265306123,0,1,0,0
2022-01-09,9462,21.23970588235294,0,1,0,0
2022-01-10,7523,21.473000000000003,0,0,0,0
2022-01-11,7011,20.976999999999997,0,0,0,0
2022-01-12,7050,21.21938775510204,0,0,0,0
2022-01-13,6879,20.91530612244898,0,0,0,0
2022-01-14,6895,20.916666666666668,0,0,0,0
2022-01-15,9178,20.917346938775513,0,1,0,0
2022-01-16,8902,20.892708333333335,0,1,0,0
2022-01-17,6866,21.00408163265306,0,0,0,0
2022-01-18,7206,21.065,0,0,0,0
2022-01-19,7057,21.35,0,0,0,0
2022-01-20,6970,21.52164948453608,0,0,0,0
2022-01-21,6914,20.872395833333332,0,0,0,0
2022-01-22,9106,21.230927835051546,0,1,0,0
2022-01-23,9102,21.058854166666666,0,1,0,0
2022-01-24,7032,21.192346938775508,0,0,0,0
2022-01-25,6935,21.092708333333334,0,0,0,0
2022-01-26,10528,21.022680412371134,1,0,0,0
2022-01-27,6962,21.274479166666666,0,0,0,0
2022-01-28,6974,21.136224489795918,0,0,0,0
2022-01-29,9297,21.26958762886598,0,1,0,0
2022-01-30,9127,21.348969072164948,0,1,0,0
2022-01-31,6843,21.09278350515464,0,0,0,0
2022-02-01,7372,22.729292929292928,0,0,0,0
2022-02-02,6882,23.327604166666664,0,0,0,0
2022-02-03,7102,23.55151515151515,0,0,0,0
2022-02-04,6956,24.076344086021503,0,0,0,0
2022-02-05,9746,23.774528301886793,0,1,0,0
2022-02-06,8530,23.359574468085107,0,1,0,0
2022-02-07,6929,23.125,0,0,0,0
2022-02-08,6880,22.841326530612243,0,0,0,0
2022-02-09,7684,23.239622641509435,0,0,0,0
2022-02-10,7758,23.06855670103093,1,0,0,0
2022-02-11,6772,22.807142857142853,0,0,0,0
2022-02-12,9331,22.901485148514855,0,1,0,0
2022-02-13,9042,22.98229166666667,0,1,0,0
2022-02-14,6939,22.908762886597938,0,0,0,0
2022-02-15,7026,22.943298969072163,0,0,0,0
2022-02-16,6992,23.023469387755103,0,0,0,0
2022-02-17,7132,22.92727272727273,0,0,0,0
2022-02-18,6986,23.320408163265306,0,0,0,0
2022-02-19,9244,23.265816326530615,0,1,0,0
2022-02-20,9092,22.983505154639175,0,1,0,0
2022-02-21,6696,22.808247422680413,0,0,0,0
2022-02-22,6950,22.97061855670103,0,0,0,0
2022-02-23,7138,23.34175257731959,0,0,0,0
2022-02-24,6976,23.335416666666664,0,0,0,0
2022-02-25,7168,22.85360824742268,0,0,0,0
2022-02-26,8798,22.965625,0,1,0,0
2022-02-27,9364,22.993939393939396,0,1,0,0
2022-02-28,7155,22.959183673469386,0,0,0,0
2022-03-01,5922,26.694186046511625,0,0,0,0
2022-03-02,6844,26.573936170212765,0,0,0,0
2022-03-03,7380,27.074,0,0,0,0
2022-03-04,7404,27.467171717171716,0,0,0,0
2022-03-05,8753,27.200537634408605,0,1,0,0
2022-03-06,8961,26.65050505050505,0,1,0,0
2022-03-07,7135,26.643877551020406,0,0,0,0
2022-03-08,7025,25.79901960784314,0,0,0,0
2022-03-09,8161,26.407692307692308,0,0,0,0
2022-03-10,6720,26.720212765957445,0,0,0,0
2022-03-11,6641,26.348924731182795,0,0,0,0
2022-03-12,9232,25.762886597938145,0,1,0,0
2022-03-13,9292,26.858673469387757,0,1,0,0
2022-03-14,7030,26.872680412371135,0,0,0,0
2022-03-15,7194,26.911111111111108,0,0,0,0
2022-03-16,7406,26.6915,0,0,0,0
2022-03-17,7059,26.918367346938776,0,0,0,0
2022-03-18,10874,26.9020618556701,1,0,0,0
2022-03-19,9306,27.037499999999998,0,1,0,0
2022-03-20,9105,26.327083333333334,0,1,0,0
2022-03-21,7116,26.73144329896907,0,0,0,0
2022-03-22,6846,26.907291666666666,0,0,0,0
2022-03-23,7580,26.89313725490196,0,0,0,0
2022-03-24,7194,26.631632653061224,0,0,0,0
2022-03-25,7252,26.980999999999998,0,0,0,0
2022-03-26,9558,26.648469387755103,0,1,0,0
2022-03-27,9566,27.053061224489795,0,1,0,0
2022-03-28,6912,26.934536082474228,0,0,0,0
2022-03-29,7118,26.886458333333334,0,0,0,0
2022-03-30,7024,26.968229166666664,0,0,0,0
2022-03-31,6799,26.808854166666666,0,0,0,0
2022-04-01,7670,28.385,0,0,1,0
2022-04-02,10513,28.620873786407767,0,1,1,0
2022-04-03,9730,29.846428571428568,0,1,1,0
2022-04-04,7848,29.834343434343435,0,0,1,0
2022-04-05,7432,29.807692307692307,0,0,1,0
2022-04-06,7510,29.196875000000002,0,0,1,0
2022-04-07,8412,28.966190476190473,0,0,1,0
2022-04-08,6744,28.98315789473684,0,0,1,0
2022-04-09,9889,29.09438775510204,0,1,1,0
2022-04-10,9572,29.1520618556701,0,1,1,0
2022-04-11,7744,28.51938775510204,0,0,1,0
2022-04-12,7904,29.000515463917527,0,0,1,0
2022-04-13,7977,29.749484536082473,0,0,1,0
2022-04-14,11140,29.623958333333334,1,0,1,0
2022-04-15,11376,29.868229166666666,1,0,1,0
2022-04-16,10204,29.726041666666664,0,1,1,0
2022-04-17,9784,29.871875,0,1,1,0
2022-04-18,7595,29.11134020618557,0,0,1,0
2022-04-19,7624,30.040206185567012,0,0,1,0
2022-04-20,7649,29.78125,0,0,1,0
2022-04-21,7304,29.769072164948454,0,0,1,0
2022-04-22,7740,29.926020408163264,0,0,1,0
2022-04-23,10036,29.756999999999998,0,1,1,0
2022-04-24,9874,30.019791666666666,0,1,1,0
2022-04-25,7897,29.586082474226803,0,0,1,0
2022-04-26,7568,29.722680412371133,0,0,1,0
2022-04-27,7568,29.652083333333334,0,0,1,0
2022-04-28,8091,29.813917525773196,0,0,1,0
2022-04-29,7905,30.01855670103093,0,0,1,0
2022-04-30,10304,29.983673469387757,0,1,1,0
2022-05-01,9455,28.383152173913043,0,1,1,0
2022-05-02,7654,28.59784946236559,0,0,1,0
2022-05-03,8099,28.361,0,0,1,0
2022-05-04,8214,29.022115384615386,0,0,1,0
2022-05-05,8012,28.812755102040818,0,0,1,0
2022-05-06,8100,28.276500000000002,0,0,1,0
2022-05-07,9560,28.221808510638297,0,1,1,0
2022-05-08,9406,28.017894736842102,0,1,1,0
2022-05-09,8144,28.188349514563107,0,0,1,0
2022-05-10,8587,27.956565656565655,1,0,1,0
2022-05-11,6896,28.167613636363637,0,0,1,0
2022-05-12,7604,27.934343434343436,0,0,1,0
2022-05-13,7688,28.77061855670103,0,0,1,0
2022-05-14,10089,28.834536082474227,0,1,1,0
2022-05-15,10022,28.5109375,0,1,1,0
2022-05-16,7514,28.79226804123711,0,0,1,0
2022-05-17,7382,29.030208333333334,0,0,1,0
2022-05-18,7628,29.027319587628867,0,0,1,0
2022-05-19,8015,29.25353535353535,0,0,1,0
2022-05-20,7796,29.039795918367346,0,0,1,0
2022-05-21,10062,28.776041666666668,0,1,1,0
2022-05-22,10340,29.148969072164945,0,1,1,0
2022-05-23,7582,28.892268041237116,0,0,1,0
2022-05-24,7520,29.15416666666667,0,0,1,0
2022-05-25,7556,28.992708333333336,0,0,1,0
2022-05-26,7846,28.621428571428574,0,0,1,0
2022-05-27,8130,28.807142857142857,0,0,1,0
2022-05-28,9988,28.612626262626264,0,1,1,0
2022-05-29,9919,28.442346938775508,0,1,1,0
2022-05-30,7687,28.545833333333334,0,0,1,0
2022-05-31,7958,28.975510204081633,0,0,1,0
2022-06-01,7906,24.45,0,0,1,0
2022-06-02,8210,24.679591836734694,0,0,1,0
2022-06-03,8084,25.20520833333333,0,0,1,0
2022-06-04,9966,25.540816326530614,0,1,1,0
2022-06-05,9570,25.253157894736844,0,1,1,0
2022-06-06,7575,24.73041237113402,0,0,1,0
2022-06-07,7630,24.97315789473684,0,0,1,0
2022-06-08,8119,24.6340206185567,0,0,1,0
2022-06-09,7757,24.368181818181817,0,0,1,0
2022-06-10,7711,24.59375,0,0,1,0
2022-06-11,10052,24.38865979381443,0,1,1,0
2022-06-12,9514,24.354945054945055,0,1,1,0
2022-06-13,8026,24.903061224489797,0,0,1,0
2022-06-14,7596,24.889583333333334,0,0,1,0
2022-06-15,7909,24.88041237113402,0,0,1,0
2022-06-16,7866,24.578571428571426,0,0,1,0
2022-06-17,7828,24.737244897959183,0,0,1,0
2022-06-18,10148,24.578125,0,1,1,0
2022-06-19,9959,25.046428571428574,0,1,1,0
2022-06-20,7986,24.941089108910894,0,0,1,0
2022-06-21,7864,24.979166666666668,0,0,1,0
2022-06-22,8018,24.73989898989899,0,0,1,0
2022-06-23,8144,24.884158415841586,0,0,1,0
2022-06-24,7931,24.987373737373737,0,0,1,0
2022-06-25,10005,24.90052083333333,0,1,1,0
2022-06-26,10232,24.75,0,1,1,0
2022-06-27,8204,24.977551020408164,0,0,1,0
2022-06-28,7718,24.947422680412373,0,0,1,0
2022-06-29,7878,25.246938775510202,0,0,1,0
2022-06-30,7729,24.747395833333332,0,0,1,0
2022-07-01,6492,22.837096774193547,0,0,0,1
2022-07-02,9016,23.003398058252426,0,1,0,1
2022-07-03,8593,23.64375,0,1,0,1
2022-07-04,6075,23.50722222222222,0,0,0,1
2022-07-05,6999,23.517,0,0,0,1
2022-07-06,7147,23.6735,0,0,0,1
2022-07-07,6460,23.053061224489795,0,0,0,1
2022-07-08,7288,23.01826923076923,0,0,0,1
2022-07-09,8356,22.938541666666666,0,1,0,1
2022-07-10,8140,23.20505617977528,0,1,0,1
2022-07-11,7148,22.820792079207923,0,0,0,1
2022-07-12,6288,22.920108695652175,0,0,0,1
2022-07-13,6886,23.12319587628866,0,0,0,1
2022-07-14,6454,23.038020833333334,0,0,0,1
2022-07-15,6896,23.041836734693877,0,0,0,1
2022-07-16,8742,23.19739583333333,0,1,0,1
2022-07-17,8840,22.791836734693877,0,1,0,1
2022-07-18,6744,23.340104166666666,0,0,0,1
2022-07-19,6575,23.256249999999998,0,0,0,1
2022-07-20,6710,22.87070707070707,0,0,0,1
2022-07-21,6695,23.06458333333333,0,0,0,1
2022-07-22,6530,23.078125,0,0,0,1
2022-07-23,9226,23.206999999999997,0,1,0,1
2022-07-24,9039,23.165979381443297,0,1,0,1
2022-07-25,6756,23.221354166666668,0,0,0,1
2022-07-26,6828,22.927835051546392,0,0,0,1
2022-07-27,6859,23.070918367346938,0,0,0,1
2022-07-28,6778,22.951020408163263,0,0,0,1
2022-07-29,6686,23.14639175257732,0,0,0,1
2022-07-30,8795,23.206060606060607,0,1,0,1
2022-07-31,8911,23.310309278350516,0,1,0,1
2022-08-01,6771,22.780102040816324,0,0,0,1
2022-08-02,6884,23.238659793814435,0,0,0,1
2022-08-03,6358,23.65537634408602,0,0,0,1
2022-08-04,7041,23.75,0,0,0,1
2022-08-05,7418,23.383499999999998,0,0,0,1
2022-08-06,8612,23.219191919191918,0,1,0,1
2022-08-07,8172,22.882417582417585,0,1,0,1
2022-08-08,6748,22.98989898989899,0,0,0,1
2022-08-09,6173,22.939444444444447,0,0,0,1
2022-08-10,6802,23.043010752688172,0,0,0,1
2022-08-11,6889,22.84891304347826,1,0,0,1
2022-08-12,6821,22.791999999999998,0,0,0,1
2022-08-13,8692,23.180612244897958,0,1,0,1
2022-08-14,9052,23.173000000000002,0,1,0,1
2022-08-15,10337,22.972680412371133,1,0,0,1
2022-08-16,6996,22.782653061224487,0,0,0,1
2022-08-17,6696,23.12319587628866,0,0,0,1
2022-08-18,6645,22.99484536082474,0,0,0,1
2022-08-19,6653,23.086458333333336,0,0,0,1
2022-08-20,9164,23.060606060606062,0,1,0,1
2022-08-21,8710,23.057216494845363,0,1,0,1
2022-08-22,6749,22.905102040816324,0,0,0,1
2022-08-23,6774,23.055612244897958,0,0,0,1
2022-08-24,6645,22.824742268041238,0,0,0,1
2022-08-25,6814,23.179591836734694,0,0,0,1
2022-08-26,6659,23.246938775510202,0,0,0,1
2022-08-27,8728,23.1921875,0,1,0,1
2022-08-28,9163,23.017187500000002,0,1,0,1
2022-08-29,6768,23.238265306122447,0,0,0,1
2022-08-30,6502,23.14270833333333,0,0,0,1
2022-08-31,6531,22.945833333333336,0,0,0,1
2022-09-01,6910,22.942021276595746,0,0,0,1
2022-09-02,6101,23.205617977528092,0,0,0,1
2022-09-03,7740,22.910795454545454,0,1,0,1
2022-09-04,9148,23.91614583333333,0,1,0,1
2022-09-05,6639,23.224999999999998,0,0,0,1
2022-09-06,6740,23.24438775510204,0,0,0,1
2022-09-07,6783,23.035204081632653,0,0,0,1
2022-09-08,7203,22.858962264150946,0,0,0,1
2022-09-09,6866,23.375252525252527,0,0,0,1
2022-09-10,9206,23.173711340206186,0,1,0,1
2022-09-11,8628,23.123655913978496,0,1,0,1
2022-09-12,7301,22.686764705882354,0,0,0,1
2022-09-13,6649,23.281958762886596,0,0,0,1
2022-09-14,6800,22.989690721649485,0,0,0,1
2022-09-15,6869,22.81855670103093,0,0,0,1
2022-09-16,7232,23.096,0,0,0,1
2022-09-17,8665,22.899489795918367,0,1,0,1
2022-09-18,8832,23.024489795918367,0,1,0,1
2022-09-19,6878,23.156122448979595,0,0,0,1
2022-09-20,6876,22.88877551020408,0,0,0,1
2022-09-21,6778,23.189690721649484,0,0,0,1
2022-09-22,6719,23.158673469387757,0,0,0,1
2022-09-23,6906,22.908585858585855,0,0,0,1
2022-09-24,8830,22.920618556701033,0,1,0,1
2022-09-25,8914,22.802020202020202,0,1,0,1
2022-09-26,6501,22.88505154639175,0,0,0,1
2022-09-27,6712,23.260309278350515,0,0,0,1
2022-09-28,6528,23.12216494845361,0,0,0,1
2022-09-29,6672,23.072916666666668,0,0,0,1
2022-09-30,6864,22.86134020618557,0,0,0,1
2022-10-01,8744,22.86063829787234,0,1,0,0
2022-10-02,12200,23.19183673469388,1,1,0,0
2022-10-03,7132,23.772448979591836,0,0,0,0
2022-10-04,7590,23.7615,0,0,0,0
2022-10-05,10098,23.72204301075269,1,0,0,0
2022-10-06,7226,23.55360824742268,0,0,0,0
2022-10-07,7806,23.083653846153844,0,0,0,0
2022-10-08,9544,23.044,0,1,0,0
2022-10-09,9503,23.180999999999997,0,1,0,0
2022-10-10,7367,23.24484536082474,0,0,0,0
2022-10-11,7150,22.87263157894737,0,0,0,0
2022-10-12,8218,23.026,0,0,0,0
2022-10-13,7310,22.686734693877554,0,0,0,0
2022-10-14,7572,23.059278350515463,0,0,0,0
2022-10-15,9600,23.20969387755102,0,1,0,0
2022-10-16,9578,23.156632653061223,0,1,0,0
2022-10-17,7239,23.136458333333334,0,0,0,0
2022-10-18,7246,23.111979166666668,0,0,0,0
2022-10-19,7181,22.747395833333332,0,0,0,0
2022-10-20,7100,23.047916666666666,0,0,0,0
2022-10-21,7288,22.983505154639175,0,0,0,0
2022-10-22,9550,22.821354166666666,0,1,0,0
2022-10-23,9368,22.836458333333336,0,1,0,0
2022-10-24,11170,23.1340206185567,1,0,0,0
2022-10-25,7166,23.0,0,0,0,0
2022-10-26,7633,22.966666666666665,0,0,0,0
2022-10-27,7836,23.105555555555554,0,0,0,0
2022-10-28,7256,23.175510204081633,0,0,0,0
2022-10-29,9620,23.054081632653062,0,1,0,0
2022-10-30,9506,23.099489795918366,0,1,0,0
2022-10-31,7437,23.211855670103095,0,0,0,0
2022-11-01,7128,21.167368421052632,0,0,0,0
2022-11-02,8084,21.933809523809526,0,0,0,0
2022-11-03,7668,21.6435,0,0,0,0
2022-11-04,7336,22.41262626262626,0,0,0,0
2022-11-05,10500,22.107407407407408,0,1,0,0
2022-11-06,9349,21.459793814432988,0,1,0,0
2022-11-07,7264,21.307653061224492,0,0,0,0
2022-11-08,10848,21.6906862745098,1,0,0,0
2022-11-09,7755,21.178217821782177,0,0,0,0
2022-11-10,7648,21.418000000000003,0,0,0,0
2022-11-11,7482,21.116494845360826,0,0,0,0
2022-11-12,9249,20.67912087912088,0,1,0,0
2022-11-13,9615,21.310101010101008,0,1,0,0
2022-11-14,7426,21.09020618556701,0,0,0,0
2022-11-15,7272,20.94183673469388,0,0,0,0
2022-11-16,7550,21.03214285714286,0,0,0,0
2022-11-17,7659,21.129896907216494,0,0,0,0
2022-11-18,7250,21.05876288659794,0,0,0,0
2022-11-19,9640,21.20618556701031,0,1,0,0
2022-11-20,9978,21.33061224489796,0,1,0,0
2022-11-21,7386,21.392346938775507,0,0,0,0
2022-11-22,7519,21.011999999999997,0,0,0,0
2022-11-23,7388,21.04639175257732,0,0,0,0
2022-11-24,7540,21.232653061224493,0,0,0,0
2022-11-25,7518,20.736868686868686,0,0,0,0
2022-11-26,9564,20.77680412371134,0,1,0,0
2022-11-27,9755,21.059278350515463,0,1,0,0
2022-11-28,7715,21.031,0,0,0,0
2022-11-29,7425,21.405102040816324,0,0,0,0
2022-11-30,7565,21.05858585858586,0,0,0,0
2022-12-01,7427,20.804210526315792,0,0,0,0
2022-12-02,7152,20.438709677419354,0,0,0,0
2022-12-03,9116,20.703125,0,1,0,0
2022-12-04,9361,21.168041237113403,0,1,0,0
2022-12-05,7854,20.925520833333334,0,0,0,0
2022-12-06,8492,20.91320754716981,0,0,0,0
2022-12-07,7529,20.479411764705883,0,0,0,0
2022-12-08,7015,20.097340425531915,0,0,0,0
2022-12-09,6936,20.3489010989011,0,0,0,0
2022-12-10,9215,20.516489361702128,0,1,0,0
2022-12-11,9882,20.083009708737865,0,1,0,0
2022-12-12,7492,20.068367346938775,0,0,0,0
2022-12-13,7666,20.040721649484535,0,0,0,0
2022-12-14,7614,19.814141414141414,0,0,0,0
2022-12-15,7343,20.200515463917526,0,0,0,0
2022-12-16,7240,20.583505154639173,0,0,0,0
2022-12-17,9404,20.241145833333334,0,1,0,0
2022-12-18,9937,19.931313131313132,0,1,0,0
2022-12-19,7402,20.018367346938774,0,0,0,0
2022-12-20,7476,20.201515151515153,0,0,0,0
2022-12-21,7238,20.185567010309278,0,0,0,0
2022-12-22,7482,20.325,0,0,0,0
2022-12-23,7583,20.400000000000002,0,0,0,0
2022-12-24,9564,20.070918367346938,0,1,0,0
2022-12-25,13161,20.120618556701032,1,1,0,0
2022-12-26,7124,19.90824742268041,0,0,0,0
2022-12-27,7655,20.18144329896907,0,0,0,0
2022-12-28,7484,19.886868686868688,0,0,0,0
2022-12-29,7588,20.224999999999998,0,0,0,0
2022-12-30,7270,20.034375,0,0,0,0
2022-12-31,9624,20.20625,0,1,0,0
2023-01-01,9530,21.25408163265306,0,1,0,0
2023-01-02,6894,21.5010989010989,0,0,0,0
2023-01-03,7342,21.893229166666668,0,0,0,0
2023-01-04,8110,22.24742268041237,0,0,0,0
2023-01-05,7830,21.996534653465346,0,0,0,0
2023-01-06,7786,21.55392156862745,0,0,0,0
2023-01-07,10242,21.278217821782178,0,1,0,0
2023-01-08,8890,21.36720430107527,0,1,0,0
2023-01-09,7578,21.48118811881188,0,0,0,0
2023-01-10,7674,21.263402061855672,0,0,0,0
2023-01-11,7170,21.341397849462364,0,0,0,0
2023-01-12,8212,20.98725490196078,0,0,0,0
2023-01-13,7389,21.10625,0,0,0,0
2023-01-14,9646,21.259278350515466,0,1,0,0
2023-01-15,10048,21.136999999999997,0,1,0,0
2023-01-16,7332,21.304166666666667,0,0,0,0
2023-01-17,7444,20.95050505050505,0,0,0,0
2023-01-18,7302,21.033333333333335,0,0,0,0
2023-01-19,7424,21.257142857142856,0,0,0,0
2023-01-20,7390,21.123711340206185,0,0,0,0
2023-01-21,9676,21.15561224489796,0,1,0,0
2023-01-22,9682,21.013917525773195,0,1,0,0
2023-01-23,7828,21.401500000000002,0,0,0,0
2023-01-24,7468,21.229166666666668,0,0,0,0
2023-01-25,7368,20.789795918367346,0,0,0,0
2023-01-26,11079,21.036082474226806,1,0,0,0
2023-01-27,7191,20.917525773195877,0,0,0,0
2023-01-28,9610,20.834374999999998,0,1,0,0
2023-01-29,9670,21.025000000000002,0,1,0,0
2023-01-30,7724,21.147,0,0,0,0
2023-01-31,7250,21.272395833333334,0,0,0,0
2023-02-01,7877,22.616190476190475,0,0,0,0
2023-02-02,7428,23.243298969072164,0,0,0,0
2023-02-03,6635,23.22252747252747,0,0,0,0
2023-02-04,10152,23.889499999999998,0,1,0,0
2023-02-05,9457,23.433157894736844,0,1,0,0
2023-02-06,7518,23.10372340425532,0,0,0,0
2023-02-07,7494,22.854255319148937,0,0,0,0
2023-02-08,7299,23.254166666666666,0,0,0,0
2023-02-09,7793,23.145408163265305,0,0,0,0
2023-02-10,7154,23.239247311827956,1,0,0,0
2023-02-11,9362,22.883168316831682,0,1,0,0
2023-02-12,9768,22.447916666666668,0,1,0,0
2023-02-13,7568,23.12908163265306,0,0,0,0
2023-02-14,7325,23.063541666666666,0,0,0,0
2023-02-15,7452,23.313265306122446,0,0,0,0
2023-02-16,7564,23.109375,0,0,0,0
2023-02-17,7269,23.128865979381445,0,0,0,0
2023-02-18,9864,23.246428571428574,0,1,0,0
2023-02-19,9846,22.948979591836736,0,1,0,0
2023-02-20,7742,23.165151515151514,0,0,0,0
2023-02-21,7432,23.284536082474226,0,0,0,0
2023-02-22,7346,22.94739583333333,0,0,0,0
2023-02-23,7645,22.78131313131313,0,0,0,0
2023-02-24,7397,23.004123711340206,0,0,0,0
2023-02-25,10233,22.813000000000002,0,1,0,0
2023-02-26,9580,23.085416666666664,0,1,0,0
2023-02-27,7326,23.238659793814435,0,0,0,0
2023-02-28,7670,22.90561224489796,0,0,0,0
2023-03-01,7682,26.384848484848483,0,0,0,0
2023-03-02,8454,26.24,0,0,0,0
2023-03-03,7853,26.934848484848487,0,0,0,0
2023-03-04,10528,27.630882352941175,0,1,0,0
2023-03-05,9933,27.490384615384617,0,1,0,0
2023-03-06,7924,26.771428571428572,0,0,0,0
2023-03-07,7540,26.2715,0,0,0,0
2023-03-08,10062,26.463978494623657,1,0,0,0
2023-03-09,8016,26.331632653061224,0,0,0,0
2023-03-10,8288,26.200467289719626,0,0,0,0
2023-03-11,10242,26.272380952380953,0,1,0,0
2023-03-12,10118,25.848039215686274,0,1,0,0
2023-03-13,7400,27.00208333333333,0,0,0,0
2023-03-14,7610,26.966161616161617,0,0,0,0
2023-03-15,7303,27.126562500000002,0,0,0,0
2023-03-16,7560,26.997448979591837,0,0,0,0
2023-03-17,7398,27.10979381443299,0,0,0,0
2023-03-18,9944,26.920408163265304,0,1,0,0
2023-03-19,10088,27.184343434343436,0,1,0,0
2023-03-20,7906,26.910204081632653,0,0,0,0
2023-03-21,8022,27.049999999999997,0,0,0,0
2023-03-22,7475,27.183505154639178,0,0,0,0
2023-03-23,7618,26.764948453608245,0,0,0,0
2023-03-24,7394,27.010416666666668,0,0,0,0
2023-03-25,10006,27.15561224489796,0,1,0,0
2023-03-26,10229,27.301010101010103,0,1,0,0
2023-03-27,7420,26.679591836734694,0,0,0,0
2023-03-28,7404,27.130208333333332,0,0,0,0
2023-03-29,7620,27.313402061855673,0,0,0,0
2023-03-30,7889,26.964646464646464,0,0,0,0
2023-03-31,7698,26.805102040816326,0,0,0,0
2023-04-01,9792,28.650526315789474,0,1,1,0
2023-04-02,10535,28.337244897959184,0,1,1,0
2023-04-03,7484,29.880555555555556,0,0,1,0
2023-04-04,12369,29.700000000000003,1,0,1,0
2023-04-05,8031,29.673936170212766,0,0,1,0
2023-04-06,8566,29.18144329896907,0,0,1,0
2023-04-07,7909,28.92771739130435,0,0,1,0
2023-04-08,10573,28.886274509803922,0,1,1,0
2023-04-09,9588,28.94945054945055,0,1,1,0
2023-04-10,8290,28.750999999999998,0,0,1,0
2023-04-11,8284,28.684042553191492,0,0,1,0
2023-04-12,7776,28.65421052631579,0,0,1,0
2023-04-13,8134,29.470312500000002,0,0,1,0
2023-04-14,12216,29.577777777777776,1,0,1,0
2023-04-15,10844,29.53131313131313,0,1,1,0
2023-04-16,10371,29.97731958762887,0,1,1,0
2023-04-17,8154,29.72474226804124,0,0,1,0
2023-04-18,8330,29.848979591836734,0,0,1,0
2023-04-19,8070,29.456701030927835,0,0,1,0
2023-04-20,8006,29.954166666666666,0,0,1,0
2023-04-21,8174,29.778350515463917,0,0,1,0
2023-04-22,10466,29.343367346938777,0,1,1,0
2023-04-23,10801,29.834895833333334,0,1,1,0
2023-04-24,8278,29.989795918367346,0,0,1,0
2023-04-25,8588,29.43418367346939,0,0,1,0
2023-04-26,8432,29.686458333333334,0,0,1,0
2023-04-27,8176,29.866161616161616,0,0,1,0
2023-04-28,8332,29.868229166666666,0,0,1,0
2023-04-29,10770,29.781632653061223,0,1,1,0
2023-04-30,10486,29.610416666666666,0,1,1,0
2023-05-01,7980,28.39375,0,0,1,0
2023-05-02,8138,27.949489795918367,0,0,1,0
2023-05-03,7634,28.780898876404493,0,0,1,0
2023-05-04,8615,28.772549019607844,0,0,1,0
2023-05-05,8485,28.72979797979798,0,0,1,0
2023-05-06,10328,28.3265,0,1,1,0
2023-05-07,10564,28.24438775510204,0,1,1,0
2023-05-08,8930,27.716336633663367,0,0,1,0
2023-05-09,7598,28.150000000000002,0,0,1,0
2023-05-10,8424,27.88888888888889,0,0,1,0
2023-05-11,8948,28.403000000000002,0,0,1,0
2023-05-12,7720,27.88989361702128,0,0,1,0
2023-05-13,10740,28.807142857142857,0,1,1,0
2023-05-14,10388,28.756770833333334,0,1,1,0
2023-05-15,8302,28.890721649484536,0,0,1,0
2023-05-16,8340,28.70408163265306,0,0,1,0
2023-05-17,8580,28.4705,0,0,1,0
2023-05-18,8460,28.895408163265305,0,0,1,0
2023-05-19,8527,28.685714285714283,0,0,1,0
2023-05-20,10526,28.93686868686869,0,1,1,0
2023-05-21,10960,28.93131313131313,0,1,1,0
2023-05-22,8072,29.069791666666664,0,0,1,0
2023-05-23,8511,28.504591836734694,0,0,1,0
2023-05-24,8696,29.08737373737374,0,0,1,0
2023-05-25,8339,28.503571428571426,0,0,1,0
2023-05-26,8638,28.933854166666666,0,0,1,0
2023-05-27,10780,28.752551020408163,0,1,1,0
2023-05-28,10492,29.166494845360827,0,1,1,0
2023-05-29,8412,28.62908163265306,0,0,1,0
2023-05-30,8287,28.694845360824743,0,0,1,0
2023-05-31,8376,28.608854166666664,0,0,1,0
2023-06-01,7808,24.51505376344086,0,0,1,0
2023-06-02,8326,24.987373737373737,0,0,1,0
2023-06-03,10468,25.129797979797978,0,1,1,0
2023-06-04,10914,25.92233009708738,0,1,1,0
2023-06-05,7974,25.617021276595743,0,0,1,0
2023-06-06,8119,24.793229166666666,0,0,1,0
2023-06-07,8638,24.672549019607843,0,0,1,0
2023-06-08,8570,24.659000000000002,0,0,1,0
2023-06-09,7822,25.03010752688172,0,0,1,0
2023-06-10,11000,24.83190476190476,0,1,1,0
2023-06-11,9764,24.453157894736844,0,1,1,0
2023-06-12,8192,24.45858585858586,0,0,1,0
2023-06-13,8250,25.110416666666666,0,0,1,0
2023-06-14,8172,25.06868686868687,0,0,1,0
2023-06-15,8176,24.691145833333334,0,0,1,0
2023-06-16,8282,24.53298969072165,0,0,1,0
2023-06-17,10012,24.94322916666667,0,1,1,0
2023-06-18,10832,24.88144329896907,0,1,1,0
2023-06-19,8434,25.082653061224487,0,0,1,0
2023-06-20,8275,25.15618556701031,0,0,1,0
2023-06-21,8260,24.702083333333334,0,0,1,0
2023-06-22,8358,25.164646464646466,0,0,1,0
2023-06-23,8529,24.836082474226803,0,0,1,0
2023-06-24,10343,24.9840206185567,0,1,1,0
2023-06-25,10290,25.151041666666668,0,1,1,0
2023-06-26,8205,24.814432989690722,0,0,1,0
2023-06-27,8326,24.982474226804126,0,0,1,0
2023-06-28,8256,24.86855670103093,0,0,1,0
2023-06-29,8263,25.040721649484535,0,0,1,0
2023-06-30,8155,24.824747474747475,0,0,1,0
2023-07-01,8628,23.258791208791212,0,1,0,1
2023-07-02,9139,23.10792079207921,0,1,0,1
2023-07-03,6881,23.415104166666666,0,0,0,1
2023-07-04,7662,23.42864077669903,0,0,0,1
2023-07-05,7276,23.669270833333332,0,0,0,1
2023-07-06,6819,22.932978723404254,0,0,0,1
2023-07-07,7061,23.113265306122447,0,0,0,1
2023-07-08,8810,22.825531914893617,0,1,0,1
2023-07-09,9610,23.210500000000003,0,1,0,1
2023-07-10,7362,23.28181818181818,0,0,0,1
2023-07-11,7876,22.81467889908257,0,0,0,1
2023-07-12,7615,22.77268041237113,0,0,0,1
2023-07-13,7228,22.977272727272727,0,0,0,1
2023-07-14,6875,23.0046875,0,0,0,1
2023-07-15,9314,23.2,0,1,0,1
2023-07-16,9218,22.95520833333333,0,1,0,1
2023-07-17,7150,22.863541666666666,0,0,0,1
2023-07-18,7126,23.0,0,0,0,1
2023-07-19,7400,23.20154639175258,0,0,0,1
2023-07-20,7155,23.158762886597938,0,0,0,1
2023-07-21,6604,22.932291666666668,0,0,0,1
2023-07-22,9217,23.308333333333334,0,1,0,1
2023-07-23,9450,22.99191919191919,0,1,0,1
2023-07-24,7113,23.080102040816325,0,0,0,1
2023-07-25,7381,23.077319587628867,0,0,0,1
2023-07-26,7219,23.327551020408162,0,0,0,1
2023-07-27,7231,23.15707070707071,0,0,0,1
2023-07-28,6940,23.23229166666667,0,0,0,1
2023-07-29,9133,23.105208333333334,0,1,0,1
2023-07-30,9359,22.961734693877553,0,1,0,1
2023-07-31,7182,23.153499999999998,0,0,0,1
2023-08-01,7573,22.23,0,0,0,1
2023-08-02,7331,23.053030303030305,0,0,0,1
2023-08-03,8533,23.483333333333334,1,0,0,1
2023-08-04,7556,24.189361702127663,0,0,0,1
2023-08-05,8918,23.804166666666664,0,1,0,1
2023-08-06,8895,23.52422680412371,0,1,0,1
2023-08-07,7678,23.252475247524753,0,0,0,1
2023-08-08,7084,23.063541666666666,0,0,0,1
2023-08-09,7250,22.937254901960785,0,0,0,1
2023-08-10,7498,23.11530612244898,0,0,0,1
2023-08-11,7542,22.84040404040404,0,0,0,1
2023-08-12,9308,22.90463917525773,0,1,0,1
2023-08-13,9235,23.22783505154639,0,1,0,1
2023-08-14,7126,22.825520833333332,0,0,0,1
2023-08-15,11180,23.03673469387755,1,0,0,1
2023-08-16,7077,22.843298969072166,0,0,0,1
2023-08-17,7157,23.108080808080807,0,0,0,1
2023-08-18,7093,23.28622448979592,0,0,0,1
2023-08-19,9342,22.711340206185568,0,1,0,1
2023-08-20,9198,22.75257731958763,0,1,0,1
2023-08-21,7060,23.08469387755102,0,0,0,1
2023-08-22,6952,23.063402061855673,0,0,0,1
2023-08-23,7408,22.889690721649487,0,0,0,1
2023-08-24,7175,23.168556701030926,0,0,0,1
2023-08-25,7330,22.989795918367346,0,0,0,1
2023-08-26,9110,23.141752577319586,0,1,0,1
2023-08-27,9349,22.973979591836734,0,1,0,1
2023-08-28,7130,23.422680412371133,0,0,0,1
2023-08-29,7094,23.22083333333333,0,0,0,1
2023-08-30,7292,23.26958762886598,0,0,0,1
2023-08-31,7073,22.6840206185567,0,0,0,1
2023-09-01,6962,22.572043010752687,0,0,0,1
2023-09-02,9313,23.111616161616162,0,1,0,1
2023-09-03,8725,23.434536082474228,0,1,0,1
2023-09-04,8107,24.123364485981305,0,0,0,1
2023-09-05,7882,23.58970588235294,0,0,0,1
2023-09-06,6977,23.412254901960786,0,0,0,1
2023-09-07,7390,22.675,0,0,0,1
2023-09-08,6789,23.086111111111112,0,0,0,1
2023-09-09,9340,23.3659793814433,0,1,0,1
2023-09-10,8948,23.168041237113403,0,1,0,1
2023-09-11,7955,22.930660377358492,0,0,0,1
2023-09-12,6712,22.507608695652173,0,0,0,1
2023-09-13,7006,23.192708333333332,0,0,0,1
2023-09-14,7352,23.018367346938778,0,0,0,1
2023-09-15,7352,23.196428571428573,0,0,0,1
2023-09-16,8858,22.93877551020408,0,1,0,1
2023-09-17,9658,23.16875,0,1,0,1
2023-09-18,7067,22.991326530612245,0,0,0,1
2023-09-19,7111,22.9453125,0,0,0,1
2023-09-20,6814,23.151546391752575,0,0,0,1
2023-09-21,7306,23.43041237113402,0,0,0,1
2023-09-22,7091,23.096354166666668,0,0,0,1
2023-09-23,9356,22.88556701030928,0,1,0,1
2023-09-24,9173,23.086082474226803,0,1,0,1
2023-09-25,7251,22.99484536082474,0,0,0,1
2023-09-26,7426,23.141666666666666,0,0,0,1
2023-09-27,7086,23.273979591836735,0,0,0,1
2023-09-28,7213,23.135416666666668,0,0,0,1
2023-09-29,7116,22.896907216494846,0,0,0,1
2023-09-30,9882,23.214499999999997,0,1,0,1
2023-10-01,10346,22.95049504950495,0,1,0,0
2023-10-02,11897,23.27281553398058,1,0,0,0
2023-10-03,6994,23.632558139534886,0,0,0,0
2023-10-04,7828,23.972105263157893,0,0,0,0
2023-10-05,8056,23.536315789473683,0,0,0,0
2023-10-06,7690,23.042934782608693,0,0,0,0
2023-10-07,10221,22.930612244897958,0,1,0,0
2023-10-08,9388,22.907291666666666,0,1,0,0
2023-10-09,8304,22.905154639175258,0,0,0,0
2023-10-10,7533,22.97474226804124,0,0,0,0
2023-10-11,8272,23.077722772277227,0,0,0,0
2023-10-12,7440,22.648421052631576,0,0,0,0
2023-10-13,7840,22.79484536082474,0,0,0,0
2023-10-14,10061,22.961224489795917,0,1,0,0
2023-10-15,10197,23.30969387755102,0,1,0,0
2023-10-16,7932,23.02828282828283,0,0,0,0
2023-10-17,7924,22.801020408163264,0,0,0,0
2023-10-18,7812,23.207291666666666,0,0,0,0
2023-10-19,7847,22.90353535353535,0,0,0,0
2023-10-20,7766,22.997395833333332,0,0,0,0
2023-10-21,10628,22.98989898989899,0,1,0,0
2023-10-22,10384,23.26701030927835,0,1,0,0
2023-10-23,7606,22.904123711340205,0,0,0,0
2023-10-24,11634,23.144845360824743,1,0,0,0
2023-10-25,8028,23.04381443298969,0,0,0,0
2023-10-26,7914,22.83826530612245,0,0,0,0
2023-10-27,7944,23.060714285714283,0,0,0,0
2023-10-28,10022,23.000515463917527,0,1,0,0
2023-10-29,10304,22.86060606060606,0,1,0,0
2023-10-30,8030,23.2390625,0,0,0,0
2023-10-31,8148,23.066326530612244,0,0,0,0
2023-11-01,8149,20.9595,0,0,0,0
2023-11-02,8324,21.324468085106382,0,0,0,0
2023-11-03,7470,21.74,0,0,0,0
2023-11-04,10276,22.583823529411767,0,1,0,0
2023-11-05,9302,21.78967391304348,0,1,0,0
2023-11-06,8378,21.5225,0,0,0,0
2023-11-07,7064,21.429545454545455,0,0,0,0
2023-11-08,7764,21.324742268041238,0,0,0,0
2023-11-09,7405,21.316304347826087,0,0,0,0
2023-11-10,7880,20.99421052631579,0,0,0,0
2023-11-11,10159,21.410416666666666,0,1,0,0
2023-11-12,9215,20.93695652173913,0,1,0,0
2023-11-13,7969,21.132828282828285,0,0,0,0
2023-11-14,8178,21.207070707070706,0,0,0,0
2023-11-15,7806,20.67216494845361,0,0,0,0
2023-11-16,7818,21.18762886597938,0,0,0,0
2023-11-17,7724,20.986458333333335,0,0,0,0
2023-11-18,10314,21.16122448979592,0,1,0,0
2023-11-19,10178,20.908854166666668,0,1,0,0
2023-11-20,8002,21.057575757575755,0,0,0,0
2023-11-21,8089,20.851515151515155,0,0,0,0
2023-11-22,7646,21.247916666666665,0,0,0,0
2023-11-23,7945,20.927319587628865,0,0,0,0
2023-11-24,7846,21.0203125,0,0,0,0
2023-11-25,10112,21.028865979381443,0,1,0,0
2023-11-26,10264,21.20969387755102,0,1,0,0
2023-11-27,11640,20.853092783505154,1,0,0,0
2023-11-28,7727,20.934375,0,0,0,0
2023-11-29,7320,20.948958333333334,0,0,0,0
2023-11-30,7744,20.936979166666667,0,0,0,0
2023-12-01,7403,20.109574468085107,0,0,0,0
2023-12-02,10484,20.168316831683168,0,1,0,0
2023-12-03,9888,20.700531914893617,0,1,0,0
2023-12-04,8553,21.887254901960784,0,0,0,0
2023-12-05,8395,21.35693069306931,0,0,0,0
2023-12-06,7876,20.566315789473684,0,0,0,0
2023-12-07,7659,20.495876288659794,0,0,0,0
2023-12-08,8122,20.195789473684208,0,0,0,0
2023-12-09,10776,21.109134615384615,0,1,0,0
2023-12-10,10366,20.486868686868686,0,1,0,0
2023-12-11,8559,20.393,0,0,0,0
2023-12-12,7883,20.296938775510203,0,0,0,0
2023-12-13,8050,20.07704081632653,0,0,0,0
2023-12-14,7957,19.95360824742268,0,0,0,0
2023-12-15,7980,20.246907216494847,0,0,0,0
2023-12-16,9982,20.203125,0,1,0,0
2023-12-17,10394,20.2159793814433,0,1,0,0
2023-12-18,7880,20.295833333333334,0,0,0,0
2023-12-19,8078,20.004123711340206,0,0,0,0
2023-12-20,7792,20.258854166666666,0,0,0,0
2023-12-21,7721,20.469072164948454,0,0,0,0
2023-12-22,7883,20.309895833333332,0,0,0,0
2023-12-23,10343,20.025510204081634,0,1,0,0
2023-12-24,10442,19.832653061224487,0,1,0,0
2023-12-25,11351,20.16875,1,0,0,0
2023-12-26,7919,20.064062500000002,0,0,0,0
2023-12-27,7812,20.14896907216495,0,0,0,0
2023-12-28,7780,20.34381443298969,0,0,0,0
2023-12-29,8022,20.4435,0,0,0,0
2023-12-30,10295,20.298958333333335,0,1,0,0
2023-12-31,10348,20.085567010309276,0,1,0,0
